{"cameraMode":{"drawMode":0,"name":"Shaded","section":"Shading Mode"},"sceneLighting":false,"audioPlay":false,"sceneViewState":{"showFog":true,"showMaterialUpdate":false,"showSkybox":false,"showFlares":true,"showImageEffects":true,"showParticleSystems":true},"in2DMode":false,"pivot":{"x":-1.6090967655181885,"y":2.832340955734253,"z":-1.7380073070526124},"rotation":{"x":-0.16391046345233918,"y":0.7153180837631226,"z":-0.17892664670944215,"w":-0.6553157567977905},"size":5.078824996948242,"orthographic":false}