{"cameraMode":{"drawMode":0,"name":"Shaded","section":"Shading Mode"},"sceneLighting":true,"audioPlay":false,"sceneViewState":{"showFog":true,"showMaterialUpdate":false,"showSkybox":true,"showFlares":true,"showImageEffects":true,"showParticleSystems":true},"in2DMode":false,"pivot":{"x":0.2980000078678131,"y":0.36399999260902407,"z":0.10000000894069672},"rotation":{"x":-0.16098922491073609,"y":0.6896730661392212,"z":-0.16155937314033509,"w":-0.6872642040252686},"size":0.800869345664978,"orthographic":false}