{"cameraMode":{"drawMode":0,"name":"Shaded","section":"Shading Mode"},"sceneLighting":true,"audioPlay":false,"sceneViewState":{"showFog":true,"showMaterialUpdate":false,"showSkybox":true,"showFlares":true,"showImageEffects":true,"showParticleSystems":true},"in2DMode":false,"pivot":{"x":0.2452394962310791,"y":0.381491482257843,"z":-0.3015292286872864},"rotation":{"x":-0.037758007645606998,"y":0.7208958864212036,"z":-0.039404939860105517,"w":-0.6908912062644959},"size":1.550313949584961,"orthographic":false}