{"cameraMode":{"drawMode":0,"name":"Shaded","section":"Shading Mode"},"sceneLighting":true,"audioPlay":false,"sceneViewState":{"showFog":true,"showMaterialUpdate":false,"showSkybox":true,"showFlares":true,"showImageEffects":true,"showParticleSystems":true},"in2DMode":false,"pivot":{"x":0.03389453887939453,"y":0.24136726558208466,"z":0.02245473861694336},"rotation":{"x":-0.060269664973020557,"y":0.7521219849586487,"z":-0.06947217136621475,"w":-0.6525746583938599},"size":0.43305766582489016,"orthographic":false}